{"skeleton":{"hash":"KRFIIJ/lnWuf1BhAdk/rZ4KqGfg","spine":"3.8.99","x":-64.32,"y":-66.2,"width":125.82,"height":146.03},"bones":[{"name":"root"},{"name":"root2","parent":"root","y":-33.94},{"name":"gift1","parent":"root2","length":53.11,"rotation":90,"x":-2.18,"y":-4.91},{"name":"gift1/L_ribbon","parent":"gift1","length":11.39,"rotation":53.97,"x":71.68,"y":5.54},{"name":"gift1/R_ribbon","parent":"gift1","length":10.8,"rotation":-18.08,"x":72.31,"y":5.54},{"name":"btn_bg","parent":"root2","y":32.34},{"name":"btn_txt","parent":"root2","y":-2.94}],"slots":[{"name":"btn_bg","bone":"btn_bg","attachment":"btn_bg"},{"name":"gift1/R_ribbon","bone":"gift1/R_ribbon","attachment":"R_ribbon"},{"name":"gift1/L_ribbon","bone":"gift1/L_ribbon","attachment":"L_ribbon"},{"name":"gift1","bone":"gift1","attachment":"box"},{"name":"btn_wenhao","bone":"gift1","attachment":"btn_wenhao"},{"name":"btn_txt","bone":"btn_txt","attachment":"btn_txt"}],"skins":[{"name":"default","attachments":{"btn_bg":{"btn_bg":{"width":123,"height":123}},"btn_txt":{"btn_txt":{"x":0.5,"width":99,"height":30}},"btn_wenhao":{"btn_wenhao":{"x":34.22,"y":7.95,"rotation":-85.07,"width":26,"height":43}},"gift1":{"box":{"x":31.44,"y":2.59,"rotation":-114.23,"width":91,"height":88}},"gift1/L_ribbon":{"L_ribbon":{"type":"mesh","uvs":[0.99787,0.995,0.00213,0.995,0.00213,0.005,0.99787,0.005],"triangles":[1,2,3,1,3,0],"vertices":[-7.01,8.18,32.74,37.08,55.45,5.85,15.7,-23.05],"hull":4}},"gift1/R_ribbon":{"R_ribbon":{"type":"mesh","uvs":[0.97531,0.98566,0.02469,0.98566,0.02469,0.01434,0.97531,0.01434],"triangles":[0,1,2,0,2,3],"vertices":[3.49,-27.14,-10.68,16.23,38.26,32.21,52.42,-11.16],"hull":4}}}}],"animations":{"daiji":{"bones":{"gift1/L_ribbon":{"rotate":[{"angle":-20.75},{"time":0.2333,"angle":7.23,"curve":0.25,"c3":0.328},{"time":0.6,"angle":-46.42,"curve":0,"c3":0.646},{"time":0.8333,"angle":7.23,"curve":0.25,"c3":0.328},{"time":1.2,"angle":-46.42,"curve":0,"c3":0.646},{"time":1.4333,"angle":7.23,"curve":0.25,"c3":0.328},{"time":1.7,"angle":-25.11,"curve":0.25,"c3":0.75},{"time":2,"angle":-20.75}],"translate":[{"x":-12.09,"y":-1.27}]},"gift1/R_ribbon":{"rotate":[{"angle":-20.75},{"time":0.2333,"angle":-57.76,"curve":0.25,"c3":0.328},{"time":0.6,"angle":-3.67,"curve":0,"c3":0.646},{"time":0.8333,"angle":-57.76,"curve":0.25,"c3":0.328},{"time":1.2,"angle":-3.67,"curve":0,"c3":0.646},{"time":1.4333,"angle":-57.76,"curve":0.25,"c3":0.328},{"time":1.7,"angle":-14.66,"curve":0.25,"c3":0.75},{"time":2,"angle":-20.75}],"translate":[{"x":-12.17,"y":-2.47}]},"gift1":{"translate":[{"time":0.1333,"curve":0,"c3":0.45},{"time":0.3667,"y":28.35,"curve":0.588},{"time":0.6},{"time":0.9667,"y":28.35,"curve":0.588},{"time":1.2}],"scale":[{"curve":0,"c3":0.148},{"time":0.1333,"x":0.804,"y":1.197,"curve":0.277,"c3":0},{"time":0.3,"x":1.163,"y":0.835,"curve":0.25,"c3":0.071},{"time":0.6,"curve":0,"c3":0.328},{"time":0.7333,"x":0.801,"y":1.202,"curve":0.25,"c3":0.75},{"time":0.9,"x":1.163,"y":0.835,"curve":0.25,"c3":0.071},{"time":1.2,"curve":0,"c3":0.328},{"time":1.3333,"x":0.801,"y":1.202,"curve":0.25,"c3":0.75},{"time":1.5333}]}},"deform":{"default":{"gift1/L_ribbon":{"L_ribbon":[{},{"time":0.2333,"vertices":[2.40057,-4.86401,-2.06727,-3.05689,-6.34502,8.36019,-2.62766,6.01521],"curve":0.25,"c3":0.328},{"time":0.6,"vertices":[-2.02644,-6.06117,-3.30937,-11.92757,1.23568,-0.19711,0.52491,10.94761],"curve":0,"c3":0.646},{"time":0.8333,"vertices":[2.40057,-4.86401,-2.06727,-3.05689,-6.34502,8.36019,-2.62766,6.01521],"curve":0.25,"c3":0.328},{"time":1.2,"vertices":[-2.02644,-6.06117,-3.30937,-11.92757,1.23568,-0.19711,0.52491,10.94761],"curve":0,"c3":0.646},{"time":1.4333,"vertices":[2.40057,-4.86401,-3.313,-3.23429,-13.90974,3.69023,-2.62766,6.01521],"curve":0.25,"c3":0.328},{"time":1.7}]},"gift1/R_ribbon":{"R_ribbon":[{},{"time":0.2333,"vertices":[12.78466,11.47307,-9.06008,-12.24964,-12.08902,-15.82323,4.46491,-8.93641],"curve":0.25,"c3":0.75},{"time":0.6,"vertices":[19.69316,12.81689,-6.94729,-11.60892,-7.96349,-14.15579,3.91183,14.54823],"curve":0,"c3":0.646},{"time":0.8333,"vertices":[12.78466,11.47307,-9.06008,-12.24964,-12.08902,-15.82323,4.46491,-8.93641],"curve":0.25,"c3":0.75},{"time":1.2,"vertices":[19.69316,12.81689,-6.94729,-11.60892,-7.96349,-14.15579,3.91183,14.54823],"curve":0,"c3":0.646},{"time":1.4333,"vertices":[12.78466,11.47307,-9.06008,-12.24964,-12.08902,-15.82323,-5.57315,-4.98335],"curve":0.25,"c3":0.75},{"time":1.7}]}}}}}}